{"AED":3.9174063450376924,"AFN":92.80423848773864,"ALL":114.51191894668236,"AMD":419.22107787343845,"ANG":1.922281235299326,"AOA":537.485879352333,"ARS":185.5534280505666,"AUD":1.5873794744718959,"AWG":1.9227548570227755,"AZN":1.8134165087038658,"BAM":1.965162135436612,"BBD":2.1334311867104305,"BDT":112.89753770039586,"BGN":1.9639108780456065,"BHD":0.4014413461097416,"BIF":2199.567553498454,"BMD":1.0667155933552153,"BND":1.4404298010468748,"BOB":7.370066040362384,"BRL":5.510439412154371,"BSD":1.0667155933552153,"BTC":0.00006341627189300415,"BTN":88.33617861939268,"BWP":13.674130120101509,"BYN":2.691783196455944,"BZD":2.1496079286836625,"CAD":1.4554800913535233,"CDF":2170.766232477863,"CHF":0.9955603297004556,"CLF":0.03394289018056295,"CLP":936.576290965879,"CNH":7.4693345934800215,"CNY":7.456021982874948,"COP":5050.035573898323,"CRC":620.6973194503854,"CUC":1.0667155933552153,"CUP":27.467926528896793,"CVE":111.17843271744731,"CZK":24.314128541362432,"DJF":189.87537561722831,"DKK":7.474582834199329,"DOP":59.469394329553246,"DZD":146.5680335204708,"EGP":26.293899346850043,"ERN":16.00073390032823,"ETB":57.20262369367342,"FJD":2.37877577318213,"FKP":0.885020859623428,"GBP":0.885020859623428,"GEL":2.8454638452750367,"GGP":0.885020859623428,"GHS":9.612207279907238,"GIP":0.885020859623428,"GMD":66.08303100835559,"GNF":9360.429331692014,"GTQ":8.381200417725825,"GYD":223.14894229815343,"HKD":8.32704860062915,"HNL":26.32654084400671,"HRK":7.573894055940699,"HTG":155.93332174169055,"HUF":402.43979190512204,"IDR":16633.53054700109,"ILS":3.735904686828303,"IMP":0.885020859623428,"INR":88.11534822397186,"IQD":1557.9381240952919,"IRR":44482.04024291247,"ISK":153.0310190227392,"JEP":0.885020859623428,"JMD":162.56230952459686,"JOD":0.7566213703668542,"JPY":141.62250724033208,"KES":131.57936844036578,"KGS":91.39619203867485,"KHR":4389.534666656711,"KMF":495.2760243936522,"KPW":960.0440340196938,"KRW":1365.6566562519668,"KWD":0.3269056607396393,"KYD":0.888837568016453,"KZT":495.3459145326132,"LAK":18496.848388779432,"LBP":1623.5411330866375,"LKR":389.8349556299649,"LRD":164.7541881920984,"LSL":18.28350527010839,"LYD":5.141569159972137,"MAD":11.205847308196537,"MDL":20.480367632862094,"MGA":4741.550812463932,"MKD":61.83647463296984,"MMK":2239.8118879052586,"MNT":3634.2629741950827,"MOP":8.570323758849739,"MRU":39.44180906430908,"MUR":47.13816100365137,"MVR":16.427420137670314,"MWK":1092.850125392418,"MXN":20.66676124878261,"MYR":4.720216500596827,"MZN":68.16311681495792,"NAD":18.20350160060675,"NGN":476.4271854602398,"NIO":38.83911475406338,"NOK":10.544910326553646,"NPR":141.33772002342505,"NZD":1.694275044082022,"OMR":0.41064070138683695,"PAB":1.0667155933552153,"PEN":4.057252759326562,"PGK":3.7548388886103576,"PHP":58.909371843188545,"PKR":240.54436630160103,"PLN":4.662975475141793,"PYG":7745.703668541598,"QAR":3.8839114754063386,"RON":4.935586378895246,"RSD":117.90407453355195,"RUB":74.93676723305708,"RWF":1138.1855381100147,"SAR":4.011561063600784,"SBD":8.786933160667637,"SCR":14.131958052476008,"SDG":610.6946771958608,"SEK":11.234755300776463,"SGD":1.4415594528602378,"SHP":0.885020859623428,"SLL":18843.530956619878,"SOS":607.4945304157951,"SRD":33.749814658165654,"SSP":138.95037319045034,"STD":24346.70657320816,"STN":24.93981057264493,"SVC":9.332543252650522,"SYP":2680.1549297727793,"SZL":18.20350160060675,"THB":37.07334736419911,"TJS":10.88462084127592,"TMT":3.744171732676805,"TND":3.344686742965277,"TOP":2.5068403137423902,"TRY":19.910992184174848,"TTD":7.239528853056727,"TWD":32.812278323165756,"TZS":2489.3862438490514,"UAH":39.387039618883854,"UGX":3881.828229988149,"USD":1.0667155933552153,"UYU":41.18486821262202,"UZS":11973.882535412291,"VES":17.528270630012894,"VND":25227.82378285084,"VUV":125.91937550202303,"WST":2.877518648855361,"XAF":655.9572332384312,"XAG":0.044926657969378864,"XAU":0.0005930832027495662,"XCD":2.882852226822137,"XDR":0.8011098109033268,"XOF":655.9572332384312,"XPD":0.0006065344863817754,"XPF":119.33178481786364,"XPT":0.0010352261490393694,"YER":266.9988682147555,"ZAR":18.148992433786297,"ZMW":19.099901115464494,"ZWL":343.4824210603793}